embedding,avg_silhouette,avg_davies_bouldin
template_10k,0.09063386172056198,3.577876619385407
template_jina-embeddings-v5-text-small,0.10992209985852242,3.3407084090676618
title,0.0867730975151062,3.626989585921284
title_jina-embeddings-v5-text-small,0.11065460182726383,3.207168459432553
